experiment_name,family,policy_set,architecture,role,bits,merkle_depth,composition_id,comparison_group,binding_mode,circuit_file,proving_system,source_fingerprint,build_dir,compile_cached,setup_cached,compile_time_s,setup_time_s,constraints,wires,public_inputs,private_inputs,outputs,r1cs_size_bytes,wasm_size_bytes,proving_key_size_bytes,verification_key_size_bytes
account_policy_core_16,account_policy_core,pi_valid+pi_trans+pi_limit,account,composition,16,,account_core_b16,baseline,shared_witness,account_policy_core_16.circom,groth16,74036a211c68a220028b180b245ce0225398180146d53611691a6e97a19b3160,/home/silvi/circom/Clone_Matteo_NEW/intsds-zkp-playground/build/groth16/account_policy_core_16_74036a211c68,False,False,0.08298494600012418,0.9194146310001088,186,179,1,6,0,28976,44850,96785,2928
account_policy_core_32,account_policy_core,pi_valid+pi_trans+pi_limit,account,composition,32,,account_core_b32,baseline,shared_witness,account_policy_core_32.circom,groth16,922ff7eaf71ee6625af298e4ad029ee311b6a81c65ccc536af9c9711f0cf4af3,/home/silvi/circom/Clone_Matteo_NEW/intsds-zkp-playground/build/groth16/account_policy_core_32_922ff7eaf71e,False,False,0.0769382040000437,0.909456481999996,346,339,1,6,0,55216,45494,185489,2925
account_policy_core_64,account_policy_core,pi_valid+pi_trans+pi_limit,account,composition,64,,account_core_b64,baseline,shared_witness,account_policy_core_64.circom,groth16,24de29502112e37f24e13dce94930e641978a7508f42fce01598bbd51b7be313,/home/silvi/circom/Clone_Matteo_NEW/intsds-zkp-playground/build/groth16/account_policy_core_64_24de29502112,False,False,0.08441278500004046,1.060837490999802,666,659,1,6,0,107696,46793,362897,2926
account_policy_with_privacy_budget_16,account_policy_with_privacy_budget,pi_valid+pi_trans+pi_limit+pi_budget,account,composition,16,,account_budget_b16,baseline,shared_witness,account_policy_with_privacy_budget_16.circom,groth16,eef332ba3d2633caa499152f2f4d814caf9f9964102f2d4df173cc92849c5ad0,/home/silvi/circom/Clone_Matteo_NEW/intsds-zkp-playground/build/groth16/account_policy_with_privacy_budget_16_eef332ba3d26,False,False,0.07564565500001663,0.8958059670001148,261,251,2,7,0,40640,45775,145112,3107
account_policy_with_privacy_budget_32,account_policy_with_privacy_budget,pi_valid+pi_trans+pi_limit+pi_budget,account,composition,32,,account_budget_b32,baseline,shared_witness,account_policy_with_privacy_budget_32.circom,groth16,b343b43dacdda7934f8c1b3731507b3ce701b28a4e614445f0098792570313de,/home/silvi/circom/Clone_Matteo_NEW/intsds-zkp-playground/build/groth16/account_policy_with_privacy_budget_32_b343b43dacdd,True,True,,,485,475,2,7,0,77376,46676,246360,3108
account_policy_with_privacy_budget_64,account_policy_with_privacy_budget,pi_valid+pi_trans+pi_limit+pi_budget,account,composition,64,,account_budget_b64,baseline,shared_witness,account_policy_with_privacy_budget_64.circom,groth16,2912ff92e3c22e1be82f4af64f0c8051baa5c85f3e660da2aa9e2099b727a982,/home/silvi/circom/Clone_Matteo_NEW/intsds-zkp-playground/build/groth16/account_policy_with_privacy_budget_64_2912ff92e3c2,False,False,0.08542982599988136,1.195437869999978,933,923,2,7,0,150848,48487,481624,3106
linked_account_budget_budget_32,linked_account_budget_component,pi_budget+tx_binding,account,composition_component,32,,account_budget_b32,commitment_linked,tx_tag,linked_account_budget_budget_32.circom,groth16,6d15936a896ec286caed3ecfc445f03ef2eb2646f922e26d9f28d9a7c0299802,/home/silvi/circom/Clone_Matteo_NEW/intsds-zkp-playground/build/groth16/linked_account_budget_budget_32_6d15936a896e,True,True,,,1601,1606,3,8,0,262680,2798248,709174,3289
linked_account_budget_limit_32,linked_account_budget_component,pi_limit+tx_binding,account,composition_component,32,,account_budget_b32,commitment_linked,tx_tag,linked_account_budget_limit_32.circom,groth16,7d7401a809c21a45c58b5116907ca029a7b9cf98d9ac1f7a76f0c658951f6f3e,/home/silvi/circom/Clone_Matteo_NEW/intsds-zkp-playground/build/groth16/linked_account_budget_limit_32_7d7401a809c2,True,True,,,1601,1606,3,8,0,262680,2798248,709173,3290
linked_account_budget_monolithic_32,account_policy_with_privacy_budget,pi_valid+pi_trans+pi_limit+pi_budget,account,composition,32,,account_budget_b32,commitment_linked,tx_tag,linked_account_budget_monolithic_32.circom,groth16,f1370d72b08d249c556743d160d17be3613eebdcd29211f3d6edb28e58a42651,/home/silvi/circom/Clone_Matteo_NEW/intsds-zkp-playground/build/groth16/linked_account_budget_monolithic_32_f1370d72b08d,True,True,,,1914,1905,3,8,0,312424,2804788,843490,3291
linked_account_budget_transition_32,linked_account_budget_component,pi_trans+tx_binding,account,composition_component,32,,account_budget_b32,commitment_linked,tx_tag,linked_account_budget_transition_32.circom,groth16,2fac100f2ffadd974dec9481577d4872c0b4c4a26ee24ea6c3c588df3271bb44,/home/silvi/circom/Clone_Matteo_NEW/intsds-zkp-playground/build/groth16/linked_account_budget_transition_32_2fac100f2ffa,True,True,,,1598,1601,3,8,0,262208,2794678,707182,3291
linked_account_budget_validity_32,linked_account_budget_component,pi_valid+tx_binding,account,composition_component,32,,account_budget_b32,commitment_linked,tx_tag,linked_account_budget_validity_32.circom,groth16,b635e3836e0641fc2cbb24d2bc3b00d0bde7655a9802a1c7080703d7cb715ddd,/home/silvi/circom/Clone_Matteo_NEW/intsds-zkp-playground/build/groth16/linked_account_budget_validity_32_b635e3836e06,True,True,,,1533,1540,3,8,0,251760,2797490,679432,3290
linked_token_bundle_budget_32_depth_16,linked_token_bundle_component,pi_budget+tx_binding,token,composition_component,32,16,token_bundle_b32_d16,commitment_linked,tx_tag,linked_token_bundle_budget_32_depth_16.circom,groth16,a3593f443ca7756636251ac7dba3b813d9b9f2e986fec9f833f132c748ba8bda,/home/silvi/circom/Clone_Matteo_NEW/intsds-zkp-playground/build/groth16/linked_token_bundle_budget_32_depth_16_a3593f443ca7,True,True,,,1601,1606,5,6,0,262680,2798236,709269,3660
linked_token_bundle_membership_32_depth_16,linked_token_bundle_component,pi_mem+tx_binding,token,composition_component,32,16,token_bundle_b32_d16,commitment_linked,tx_tag,linked_token_bundle_membership_32_depth_16.circom,groth16,a8d654fe526a893e30f08cc40f2424ed20d6feae20df695521ccd1a9ddd3c7f1,/home/silvi/circom/Clone_Matteo_NEW/intsds-zkp-playground/build/groth16/linked_token_bundle_membership_32_depth_16_a8d654fe526a,True,True,,,10354,10380,5,38,0,1431076,3583103,4784653,3658
linked_token_bundle_monolithic_32_depth_16,token_policy_bundle,pi_mem+pi_null+pi_valid+pi_budget,token,composition,32,16,token_bundle_b32_d16,commitment_linked,tx_tag,linked_token_bundle_monolithic_32_depth_16.circom,groth16,bf7ddf2ef2e61177c337bde48bd416d9da6f07992d8412a6bf0b11216826636e,/home/silvi/circom/Clone_Matteo_NEW/intsds-zkp-playground/build/groth16/linked_token_bundle_monolithic_32_depth_16_bf7ddf2ef2e6,True,True,,,11114,11130,5,38,0,1538716,3599417,5076221,3659
linked_token_bundle_nullifier_32_depth_16,linked_token_bundle_component,pi_null+tx_binding,token,composition_component,32,16,token_bundle_b32_d16,commitment_linked,tx_tag,linked_token_bundle_nullifier_32_depth_16.circom,groth16,ecb138bb98281045fe3d6108a483b71b2f4189873ea0fda8d7445a9b1617b8cb,/home/silvi/circom/Clone_Matteo_NEW/intsds-zkp-playground/build/groth16/linked_token_bundle_nullifier_32_depth_16_ecb138bb9828,True,True,,,1946,1956,5,6,0,304216,3120081,821140,3656
linked_token_bundle_validity_32_depth_16,linked_token_bundle_component,pi_valid+tx_binding,token,composition_component,32,16,token_bundle_b32_d16,commitment_linked,tx_tag,linked_token_bundle_validity_32_depth_16.circom,groth16,4b74348c920aedaf27a5054a674744fd400dd9cf4e29aa9e8053b49f9f83ded3,/home/silvi/circom/Clone_Matteo_NEW/intsds-zkp-playground/build/groth16/linked_token_bundle_validity_32_depth_16_4b74348c920a,True,True,,,1533,1540,5,6,0,251760,2797478,679527,3651
linked_valid_limit_limit_32,linked_valid_limit_component,pi_limit+tx_binding,account,composition_component,32,,valid_limit_b32,commitment_linked,tx_tag,linked_valid_limit_limit_32.circom,groth16,82efc2616642e99a65c2743cd52d776aa375b2f57e792528a2385ee2744b48d4,/home/silvi/circom/Clone_Matteo_NEW/intsds-zkp-playground/build/groth16/linked_valid_limit_limit_32_82efc2616642,True,True,,,1139,1139,2,4,0,171644,2310597,549918,3107
linked_valid_limit_monolithic_32,local_validity_and_operating_limit,pi_valid+pi_limit,account,composition,32,,valid_limit_b32,commitment_linked,tx_tag,linked_valid_limit_monolithic_32.circom,groth16,74d40eeec610bf1c17a438260ad2a3aecfc51d9b252432aa4ee46b967cab026e,/home/silvi/circom/Clone_Matteo_NEW/intsds-zkp-playground/build/groth16/linked_valid_limit_monolithic_32_74d40eeec610,True,True,,,1210,1207,2,4,0,182868,2314281,580351,3110
linked_valid_limit_validity_32,linked_valid_limit_component,pi_valid+tx_binding,account,composition_component,32,,valid_limit_b32,commitment_linked,tx_tag,linked_valid_limit_validity_32.circom,groth16,d0159e190c5d6c02962c61b284705cd68a19ca94e4d6dec83291e0379ff335c6,/home/silvi/circom/Clone_Matteo_NEW/intsds-zkp-playground/build/groth16/linked_valid_limit_validity_32_d0159e190c5d,True,True,,,1071,1073,2,4,0,160724,2309844,520177,3108
local_financial_validity_16,local_financial_validity,pi_valid,account,individual_policy,16,,,,none,local_financial_validity_16.circom,groth16,98a0e3d00e73cadf0c0fa99afd491a7a197caadd0d0bcb2d05f0af96be8d7d61,/home/silvi/circom/Clone_Matteo_NEW/intsds-zkp-playground/build/groth16/local_financial_validity_16_98a0e3d00e73,False,False,0.07604406199993718,0.8527638289999686,56,55,0,2,0,8784,40287,29598,2743
local_financial_validity_32,local_financial_validity,pi_valid,account,individual_policy,32,,,,none,local_financial_validity_32.circom,groth16,d469b6ecd0f1d8ded4499c97874d417c08a025ce98da5f92888df009309c627b,/home/silvi/circom/Clone_Matteo_NEW/intsds-zkp-playground/build/groth16/local_financial_validity_32_d469b6ecd0f1,True,True,,,104,103,0,2,0,16656,40480,55390,2743
local_financial_validity_64,local_financial_validity,pi_valid,account,individual_policy,64,,,,none,local_financial_validity_64.circom,groth16,2cf93e4b2fb2f30f7db25e859982cbdac5c828d70e29010fbc8a1a35aa5ccdef,/home/silvi/circom/Clone_Matteo_NEW/intsds-zkp-playground/build/groth16/local_financial_validity_64_2cf93e4b2fb2,False,False,0.08243735899986859,0.8989558939999824,200,199,0,2,0,32400,40871,106974,2743
local_validity_and_operating_limit_16,local_validity_and_operating_limit,pi_valid+pi_limit,account,composition,16,,valid_limit_b16,baseline,shared_witness,local_validity_and_operating_limit_16.circom,groth16,70a890698991b78ecc620b551cf6fd8e0c94d7cbd3bd4caf8a23a35b561fa577,/home/silvi/circom/Clone_Matteo_NEW/intsds-zkp-playground/build/groth16/local_validity_and_operating_limit_16_70a890698991,False,False,0.08228352600008293,0.9029336450000756,131,127,1,3,0,20448,44118,73824,2925
local_validity_and_operating_limit_32,local_validity_and_operating_limit,pi_valid+pi_limit,account,composition,32,,valid_limit_b32,baseline,shared_witness,local_validity_and_operating_limit_32.circom,groth16,aa86a89e9757bf4ff70eadb6eb62cbe961d485164ab2d4cc461e7678e5fc334b,/home/silvi/circom/Clone_Matteo_NEW/intsds-zkp-playground/build/groth16/local_validity_and_operating_limit_32_aa86a89e9757,True,True,,,243,239,1,3,0,38816,44567,124448,2925
local_validity_and_operating_limit_64,local_validity_and_operating_limit,pi_valid+pi_limit,account,composition,64,,valid_limit_b64,baseline,shared_witness,local_validity_and_operating_limit_64.circom,groth16,f32ab10821a10d2b81d3d3856088aca9966fa54cd994b955585e6770800b7a9f,/home/silvi/circom/Clone_Matteo_NEW/intsds-zkp-playground/build/groth16/local_validity_and_operating_limit_64_f32ab10821a1,False,False,0.08272662500007755,0.9756754940001429,467,463,1,3,0,75552,45478,242080,2926
merkle_membership_depth_16,merkle_membership,pi_mem,token,individual_policy,,16,,,none,merkle_membership_depth_16.circom,groth16,d8fd3708a65d01ec3cccfb1378a224bdea87259924d93102e96f415a7612bd6e,/home/silvi/circom/Clone_Matteo_NEW/intsds-zkp-playground/build/groth16/merkle_membership_depth_16_d8fd3708a65d,True,True,,,8320,8338,1,33,0,1112448,1792663,4066605,2926
merkle_membership_depth_32,merkle_membership,pi_mem,token,individual_policy,,32,,,none,merkle_membership_depth_32.circom,groth16,27907317d032f2dc8cc04c695537f11665a200011fe43098c6375e37d34ddbb8,/home/silvi/circom/Clone_Matteo_NEW/intsds-zkp-playground/build/groth16/merkle_membership_depth_32_27907317d032,False,False,0.6130652110000483,6.194569986000033,16640,16674,1,65,0,2224768,1855139,8131181,2924
merkle_membership_depth_8,merkle_membership,pi_mem,token,individual_policy,,8,,,none,merkle_membership_depth_8.circom,groth16,98fd9188e52cd3414a1579b30a4ecb3944091e42a64c568a467cc9a232464642,/home/silvi/circom/Clone_Matteo_NEW/intsds-zkp-playground/build/groth16/merkle_membership_depth_8_98fd9188e52c,False,False,0.5326786129999164,2.5812127429999236,4160,4170,1,17,0,556288,1769085,2034316,2925
nullifier_correctness_poseidon,nullifier_correctness,pi_null,token,individual_policy,,,,,none,nullifier_correctness_poseidon.circom,groth16,72e397fc6375038ebd7dab504acc5e40d043eea6b004c4bf339ec6401f4a4b2c,/home/silvi/circom/Clone_Matteo_NEW/intsds-zkp-playground/build/groth16/nullifier_correctness_poseidon_72e397fc6375,True,True,,,517,520,2,1,0,69120,1747700,254757,3108
operating_limit_16,operating_limit,pi_limit,account,individual_policy,16,,,,none,operating_limit_16.circom,groth16,69a8799975c526da4212e077a36445b3246649db2dfb39eaf9b3a079251e78af,/home/silvi/circom/Clone_Matteo_NEW/intsds-zkp-playground/build/groth16/operating_limit_16_69a8799975c5,False,False,0.07776771500016366,0.8134028950000811,92,90,1,2,0,14464,40802,49329,2924
operating_limit_32,operating_limit,pi_limit,account,individual_policy,32,,,,none,operating_limit_32.circom,groth16,b060e4d822e84045de669101bcb6af0f08961d06f83f5367f69b0d1a2f2d44d3,/home/silvi/circom/Clone_Matteo_NEW/intsds-zkp-playground/build/groth16/operating_limit_32_b060e4d822e8,True,True,,,172,170,1,2,0,27584,41122,93681,2926
operating_limit_64,operating_limit,pi_limit,account,individual_policy,64,,,,none,operating_limit_64.circom,groth16,55dbc8e494c7d8e3ccb897143276e673d789f9aaf4fc1564feee99a8031f08f9,/home/silvi/circom/Clone_Matteo_NEW/intsds-zkp-playground/build/groth16/operating_limit_64_55dbc8e494c7,False,False,0.08446489800007839,1.0443356799999037,332,330,1,2,0,53824,41773,182385,2926
privacy_budget_16,privacy_budget,pi_budget,account,individual_policy,16,,,,none,privacy_budget_16.circom,groth16,687a7053cbf3f49e7adb7745189711d18952e698de8e812304e15f1e1dbdd17a,/home/silvi/circom/Clone_Matteo_NEW/intsds-zkp-playground/build/groth16/privacy_budget_16_687a7053cbf3,False,False,0.08392692999996143,0.9917487089999213,92,90,1,2,0,14464,40799,49328,2925
privacy_budget_32,privacy_budget,pi_budget,account,individual_policy,32,,,,none,privacy_budget_32.circom,groth16,29d9bed5ab5169ef8e7ec202d1969a30c81cad61aeb0f1948eea88dc20a05fbf,/home/silvi/circom/Clone_Matteo_NEW/intsds-zkp-playground/build/groth16/privacy_budget_32_29d9bed5ab51,True,True,,,172,170,1,2,0,27584,41119,93680,2925
privacy_budget_64,privacy_budget,pi_budget,account,individual_policy,64,,,,none,privacy_budget_64.circom,groth16,b92eecce2593f2c740cc040050828e395c12b09dc2761d83fb017c5f5d91b6bb,/home/silvi/circom/Clone_Matteo_NEW/intsds-zkp-playground/build/groth16/privacy_budget_64_b92eecce2593,False,False,0.08350611699984256,0.9392209729999195,332,330,1,2,0,53824,41770,182384,2927
state_transition_and_conservation_16,state_transition_and_conservation,pi_trans,account,individual_policy,16,,,,none,state_transition_and_conservation_16.circom,groth16,06ca76ad3123a95634519c589b75341cc80da77e2515d278d9ebc03047a41946,/home/silvi/circom/Clone_Matteo_NEW/intsds-zkp-playground/build/groth16/state_transition_and_conservation_16_06ca76ad3123,False,False,0.07406081699991773,0.8665848860000551,89,87,0,5,0,14008,37081,47947,2743
state_transition_and_conservation_32,state_transition_and_conservation,pi_trans,account,individual_policy,32,,,,none,state_transition_and_conservation_32.circom,groth16,ef7aa78397edd5f9718d9ac0d00de544ea46d9ba2e93728ae49da80fa752a528,/home/silvi/circom/Clone_Matteo_NEW/intsds-zkp-playground/build/groth16/state_transition_and_conservation_32_ef7aa78397ed,True,True,,,169,167,0,5,0,27128,37401,92299,2742
state_transition_and_conservation_64,state_transition_and_conservation,pi_trans,account,individual_policy,64,,,,none,state_transition_and_conservation_64.circom,groth16,b7be5f2ce8f0e0f9ba4093b6c828c7914c1d39ea2dc434887b459d71bf4f9a69,/home/silvi/circom/Clone_Matteo_NEW/intsds-zkp-playground/build/groth16/state_transition_and_conservation_64_b7be5f2ce8f0,False,False,0.09359431500001847,0.9768866499998694,329,327,0,5,0,53368,38046,181003,2744
token_policy_bundle_32_depth_16,token_policy_bundle,pi_mem+pi_null+pi_valid+pi_budget,token,composition,32,16,token_bundle_b32_d16,baseline,shared_witness,token_policy_bundle_32_depth_16.circom,groth16,90dd25b4b4754752c77c8bb80d4cef16e4a565f895d24b7eab60adcd68ce646c,/home/silvi/circom/Clone_Matteo_NEW/intsds-zkp-playground/build/groth16/token_policy_bundle_32_depth_16_90dd25b4b475,True,True,,,9685,9700,4,37,0,1303668,2225280,4577382,3472
token_policy_bundle_32_depth_32,token_policy_bundle,pi_mem+pi_null+pi_valid+pi_budget,token,composition,32,32,token_bundle_b32_d32,baseline,shared_witness,token_policy_bundle_32_depth_32.circom,groth16,d274ac647e26cac9f2fb8cfff32d93903a8f8fe9a47a4cd38c19506b14ad23b4,/home/silvi/circom/Clone_Matteo_NEW/intsds-zkp-playground/build/groth16/token_policy_bundle_32_depth_32_d274ac647e26,False,False,0.87927961399987,6.195512278000024,18005,18036,4,69,0,2415988,2309406,8641958,3478
token_policy_bundle_32_depth_8,token_policy_bundle,pi_mem+pi_null+pi_valid+pi_budget,token,composition,32,8,token_bundle_b32_d8,baseline,shared_witness,token_policy_bundle_32_depth_8.circom,groth16,01adafe8315de593d220cf0b2f6ebbe442774b8f9864a0bc9325508bd31255d8,/home/silvi/circom/Clone_Matteo_NEW/intsds-zkp-playground/build/groth16/token_policy_bundle_32_depth_8_01adafe8315d,False,False,0.7696273349999956,3.095017023000082,5525,5532,4,21,0,747508,2201995,2545093,3474
