evaluation_run_id,composition_id,comparison_group,execution_mode,binding_mode,experiment_name,family,policy_set,bits,merkle_depth,constraints,witness_time_s_median,prove_time_s_median,verify_time_s_median,bundle_check_time_s_median,total_online_time_s_median,proof_size_bytes,public_size_bytes,successful_runs,failed_runs,binding_failures
20260728T123050Z_paper_groth16,valid_limit_b32,baseline,monolithic,shared_witness,local_validity_and_operating_limit_32,local_validity_and_operating_limit,pi_valid+pi_limit,32,,243.0,0.021241446999965774,0.29796414199995525,0.26028790500015475,0.0,0.5803211339998597,805.0,16.0,30,0,0
20260728T123050Z_paper_groth16,valid_limit_b32,baseline,separate,unbound,separate_valid_limit_32,local_validity_and_operating_limit,pi_valid+pi_limit,32,,276.0,0.04096265349983241,0.5882145934997425,0.5195635904999563,0.0,1.1543663280000374,1609.0,19.0,30,0,0
20260728T123050Z_paper_groth16,valid_limit_b32,commitment_linked,monolithic,transaction_commitment,linked_valid_limit_monolithic_32,local_validity_and_operating_limit,pi_valid+pi_limit,32,,1210.0,0.03968256550024307,0.335411917500096,0.2577439950000553,2.273500058436184e-06,0.632326727499958,806.0,98.0,30,0,0
20260728T123050Z_paper_groth16,valid_limit_b32,commitment_linked,separate,transaction_commitment,linked_separate_valid_limit_32,local_validity_and_operating_limit,pi_valid+pi_limit,32,,2210.0,0.08051202199987983,0.6720408120000911,0.5232939135003107,2.6189999289272237e-06,1.273970473999725,1609.0,196.0,30,0,0
20260728T123050Z_paper_groth16,account_budget_b32,baseline,monolithic,shared_witness,account_policy_with_privacy_budget_32,account_policy_with_privacy_budget,pi_valid+pi_trans+pi_limit+pi_budget,32,,485.0,0.021697256000152265,0.3029349084998785,0.2599292520000063,0.0,0.5816487065003457,805.0,30.0,30,0,0
20260728T123050Z_paper_groth16,account_budget_b32,baseline,separate,unbound,separate_account_budget_32,account_policy_with_privacy_budget,pi_valid+pi_trans+pi_limit+pi_budget,32,,617.0,0.08166945799985115,1.183857092000153,1.0462140299999874,0.0,2.319806644999858,3221.0,38.0,30,0,0
20260728T123050Z_paper_groth16,account_budget_b32,commitment_linked,monolithic,transaction_commitment,linked_account_budget_monolithic_32,account_policy_with_privacy_budget,pi_valid+pi_trans+pi_limit+pi_budget,32,,1914.0,0.059065622000161966,0.3448781859999599,0.26123028500001055,2.2030002355677425e-06,0.6651303014998575,805.0,111.0,30,0,0
20260728T123050Z_paper_groth16,account_budget_b32,commitment_linked,separate,transaction_commitment,linked_separate_account_budget_32,account_policy_with_privacy_budget,pi_valid+pi_trans+pi_limit+pi_budget,32,,6333.0,0.23258319200010646,1.3590707034998104,1.0487286985003266,2.7424998734204564e-06,2.6368692555004145,3218.5,444.0,30,0,0
20260728T123050Z_paper_groth16,token_bundle_b32_d16,baseline,monolithic,shared_witness,token_policy_bundle_32_depth_16,token_policy_bundle,pi_mem+pi_null+pi_valid+pi_budget,32,16,9685.0,0.04566710349990899,0.5478049479999072,0.260505034499829,0.0,0.8510610995000434,805.0,260.0,30,0,0
20260728T123050Z_paper_groth16,token_bundle_b32_d16,baseline,separate,unbound,separate_token_bundle_32_depth_16,token_policy_bundle,pi_mem+pi_null+pi_valid+pi_budget,32,16,9113.0,0.11219296399985978,1.423576181000385,1.0369985440000846,0.0,2.58582103849983,3220.0,267.0,30,0,0
20260728T123050Z_paper_groth16,token_bundle_b32_d16,commitment_linked,monolithic,transaction_commitment,linked_token_bundle_monolithic_32_depth_16,token_policy_bundle,pi_mem+pi_null+pi_valid+pi_budget,32,16,11114.0,0.06330526849990292,0.5594392960000505,0.2649176030001854,2.3430002329405397e-06,0.8835150550002027,805.0,342.0,30,0,0
20260728T123050Z_paper_groth16,token_bundle_b32_d16,commitment_linked,separate,transaction_commitment,linked_separate_token_bundle_32_depth_16,token_policy_bundle,pi_mem+pi_null+pi_valid+pi_budget,32,16,15434.0,0.2366643180000665,1.581542440000021,1.0393715345001056,2.7394999051466584e-06,2.8487364275000573,3221.0,1368.0,30,0,0
20260728T123050Z_paper_groth16,account_core_b16,baseline,monolithic,shared_witness,account_policy_core_16,account_policy_core,pi_valid+pi_trans+pi_limit,16,,186.0,0.020851321000009193,0.29388794199996937,0.2654085199999372,0.0,0.5796471054999301,805.0,12.0,30,0,0
20260728T123050Z_paper_groth16,account_core_b32,baseline,monolithic,shared_witness,account_policy_core_32,account_policy_core,pi_valid+pi_trans+pi_limit,32,,346.0,0.02202098699990529,0.3004614765000042,0.2625528224999698,0.0,0.5836698324999361,806.0,16.0,30,0,0
20260728T123050Z_paper_groth16,account_core_b64,baseline,monolithic,shared_witness,account_policy_core_64,account_policy_core,pi_valid+pi_trans+pi_limit,64,,666.0,0.021884960500074158,0.31062219199998253,0.26270363549986087,0.0,0.5966802159998679,804.5,26.0,30,0,0
20260728T123050Z_paper_groth16,account_budget_b16,baseline,monolithic,shared_witness,account_policy_with_privacy_budget_16,account_policy_with_privacy_budget,pi_valid+pi_trans+pi_limit+pi_budget,16,,261.0,0.0211929055001292,0.29885058300010314,0.26147950600011427,0.0,0.5795846080001184,805.0,21.0,30,0,0
20260728T123050Z_paper_groth16,account_budget_b64,baseline,monolithic,shared_witness,account_policy_with_privacy_budget_64,account_policy_with_privacy_budget,pi_valid+pi_trans+pi_limit+pi_budget,64,,933.0,0.02265508300001784,0.31316218899996784,0.26534414549996654,0.0,0.6005961649998426,805.5,50.0,30,0,0
20260728T123050Z_paper_groth16,valid_limit_b16,baseline,monolithic,shared_witness,local_validity_and_operating_limit_16,local_validity_and_operating_limit,pi_valid+pi_limit,16,,131.0,0.020889424999836592,0.2967608389999441,0.25764054100000067,0.0,0.5765916724998306,805.0,12.0,30,0,0
20260728T123050Z_paper_groth16,valid_limit_b64,baseline,monolithic,shared_witness,local_validity_and_operating_limit_64,local_validity_and_operating_limit,pi_valid+pi_limit,64,,467.0,0.021436683999809247,0.3025646034998317,0.2617559220000203,0.0,0.5869904834999033,805.0,26.0,30,0,0
20260728T123050Z_paper_groth16,token_bundle_b32_d32,baseline,monolithic,shared_witness,token_policy_bundle_32_depth_32,token_policy_bundle,pi_mem+pi_null+pi_valid+pi_budget,32,32,18005.0,0.04885090849984408,0.6908435440000176,0.2656274379999104,0.0,1.0096493139999438,805.0,261.0,30,0,0
20260728T123050Z_paper_groth16,token_bundle_b32_d8,baseline,monolithic,shared_witness,token_policy_bundle_32_depth_8,token_policy_bundle,pi_mem+pi_null+pi_valid+pi_budget,32,8,5525.0,0.045786916499992,0.44700335050015383,0.26536072450016945,0.0,0.751971677000256,805.0,261.0,30,0,0
20260728T123050Z_paper_groth16,account_budget_b16,baseline,separate,unbound,separate_account_budget_16,account_policy_with_privacy_budget,pi_valid+pi_trans+pi_limit+pi_budget,16,,329.0,0.07983306199980689,1.1617709870004091,1.0297902070001328,0.0,2.271647181500043,3221.0,29.0,30,0,0
20260728T123050Z_paper_groth16,account_budget_b64,baseline,separate,unbound,separate_account_budget_64,account_policy_with_privacy_budget,pi_valid+pi_trans+pi_limit+pi_budget,64,,1193.0,0.08468498700040072,1.1953229225000541,1.0399402560001363,0.0,2.322686190500008,3220.0,58.0,30,0,0
20260728T123050Z_paper_groth16,account_core_b16,baseline,separate,unbound,separate_account_core_16,account_policy_core,pi_valid+pi_trans+pi_limit,16,,237.0,0.060371460999931514,0.8723355570000422,0.7806050299996059,0.0,1.7027043239995692,2414.0,18.0,30,0,0
20260728T123050Z_paper_groth16,account_core_b32,baseline,separate,unbound,separate_account_core_32,account_policy_core,pi_valid+pi_trans+pi_limit,32,,445.0,0.060648589499805894,0.893863240999849,0.7764804710001272,0.0,1.7313909304999697,2414.0,22.0,30,0,0
20260728T123050Z_paper_groth16,account_core_b64,baseline,separate,unbound,separate_account_core_64,account_policy_core,pi_valid+pi_trans+pi_limit,64,,861.0,0.06378662949987302,0.9052685765000206,0.7813858734999712,0.0,1.7489640604999295,2415.0,32.0,30,0,0
20260728T123050Z_paper_groth16,token_bundle_b32_d32,baseline,separate,unbound,separate_token_bundle_32_depth_32,token_policy_bundle,pi_mem+pi_null+pi_valid+pi_budget,32,32,17433.0,0.11528465200012761,1.6107720245001929,1.0537661600002366,0.0,2.7795304189994567,3221.5,267.0,30,0,0
20260728T123050Z_paper_groth16,token_bundle_b32_d8,baseline,separate,unbound,separate_token_bundle_32_depth_8,token_policy_bundle,pi_mem+pi_null+pi_valid+pi_budget,32,8,4953.0,0.1143953909999027,1.343967158999476,1.0458034629996291,0.0,2.511703372999591,3220.0,267.0,30,0,0
20260728T123050Z_paper_groth16,valid_limit_b16,baseline,separate,unbound,separate_valid_limit_16,local_validity_and_operating_limit,pi_valid+pi_limit,16,,148.0,0.04060508700001719,0.5817579294998723,0.5249045784997861,0.0,1.1419843544995274,1610.0,15.0,30,0,0
20260728T123050Z_paper_groth16,valid_limit_b64,baseline,separate,unbound,separate_valid_limit_64,local_validity_and_operating_limit,pi_valid+pi_limit,64,,532.0,0.04246966599998814,0.6092014225001776,0.5212751069998376,0.0,1.16706068100018,1610.0,29.0,30,0,0
