evaluation_run_id,experiment_name,family,policy_set,architecture,role,bits,merkle_depth,composition_id,comparison_group,binding_mode,execution_mode,component_count,component_names,proving_system,attempted_runs,successful_runs,failed_runs,binding_failures,constraints,proof_size_bytes,public_size_bytes,witness_time_s_count,witness_time_s_mean,witness_time_s_median,witness_time_s_stdev,witness_time_s_min,witness_time_s_p25,witness_time_s_p75,witness_time_s_iqr,witness_time_s_p95,witness_time_s_max,witness_time_s_cv,prove_time_s_count,prove_time_s_mean,prove_time_s_median,prove_time_s_stdev,prove_time_s_min,prove_time_s_p25,prove_time_s_p75,prove_time_s_iqr,prove_time_s_p95,prove_time_s_max,prove_time_s_cv,verify_time_s_count,verify_time_s_mean,verify_time_s_median,verify_time_s_stdev,verify_time_s_min,verify_time_s_p25,verify_time_s_p75,verify_time_s_iqr,verify_time_s_p95,verify_time_s_max,verify_time_s_cv,bundle_check_time_s_count,bundle_check_time_s_mean,bundle_check_time_s_median,bundle_check_time_s_stdev,bundle_check_time_s_min,bundle_check_time_s_p25,bundle_check_time_s_p75,bundle_check_time_s_iqr,bundle_check_time_s_p95,bundle_check_time_s_max,bundle_check_time_s_cv,total_online_time_s_count,total_online_time_s_mean,total_online_time_s_median,total_online_time_s_stdev,total_online_time_s_min,total_online_time_s_p25,total_online_time_s_p75,total_online_time_s_iqr,total_online_time_s_p95,total_online_time_s_max,total_online_time_s_cv
20260728T123050Z_paper_groth16,account_policy_core_16,account_policy_core,pi_valid+pi_trans+pi_limit,account,composition,16,,account_core_b16,baseline,shared_witness,monolithic,1,account_policy_core_16,groth16,30,30,0,0,186.0,805.0,12.0,30,0.021478737566674986,0.020851321000009193,0.001979262554141449,0.018537266999828717,0.020336284999984855,0.022829464999972515,0.0024931799999876603,0.024269203649907922,0.028411324999979115,0.09214985508330548,30,0.2953763886000009,0.29388794199996937,0.008410642506389166,0.28297806499995204,0.2900984034998828,0.29872419149990037,0.008625788000017565,0.3122631594500831,0.31870221299982404,0.0284743223595264,30,0.2687613402333151,0.2654085199999372,0.017026894592755294,0.24714134200030458,0.25650786149992655,0.27678457599995454,0.020276714500027992,0.30032236139995794,0.32201606200010247,0.06335321359081642,30,0.0,0.0,0.0,0.0,0.0,0.0,0.0,0.0,0.0,0.0,30,0.585616466399991,0.5796471054999301,0.023957400459490664,0.5513672420001967,0.572841177999635,0.5916588894999677,0.018817711500332734,0.6415844215498964,0.6533190700001796,0.040909711106256956
20260728T123050Z_paper_groth16,account_policy_core_32,account_policy_core,pi_valid+pi_trans+pi_limit,account,composition,32,,account_core_b32,baseline,shared_witness,monolithic,1,account_policy_core_32,groth16,30,30,0,0,346.0,806.0,16.0,30,0.02245027029995678,0.02202098699990529,0.001482618362990959,0.020400440999765124,0.021458336000023337,0.023423716750016865,0.0019653807499935283,0.02504586809993725,0.025960917000020345,0.06604011190875565,30,0.3040431950666971,0.3004614765000042,0.01718418297617928,0.2816515519998575,0.2928933825001536,0.3104709497498561,0.017577567249702497,0.34008412200003013,0.3518035950000922,0.05651888697068071,30,0.2634936882666655,0.2625528224999698,0.010602667045613133,0.2447937650001677,0.2555160677497952,0.2705599522502098,0.015043884500414606,0.2800999281998884,0.28786259199978304,0.04023878945776809,30,0.0,0.0,0.0,0.0,0.0,0.0,0.0,0.0,0.0,0.0,30,0.5899871536333194,0.5836698324999361,0.02446166588609557,0.5561959450001268,0.5755475382503619,0.6040880102502797,0.028540471999917827,0.6339942425500452,0.6547987889998694,0.04146135341329591
20260728T123050Z_paper_groth16,account_policy_core_64,account_policy_core,pi_valid+pi_trans+pi_limit,account,composition,64,,account_core_b64,baseline,shared_witness,monolithic,1,account_policy_core_64,groth16,30,30,0,0,666.0,804.5,26.0,30,0.022042258299984498,0.021884960500074158,0.001624815894432767,0.019611325999903784,0.021124681499827602,0.02264214475007975,0.001517463250252149,0.024663952650053035,0.02760888500006331,0.07371367635383846,30,0.31323766773335443,0.31062219199998253,0.013353836148154559,0.2905630029999884,0.30446473899991133,0.3210977537499957,0.016633014750084385,0.335894267850108,0.3449658529998487,0.04263164211630543,30,0.26231816343330744,0.26270363549986087,0.009299581354854475,0.24192655600018043,0.25655866874978983,0.26836372774988604,0.011805059000096207,0.2776147198999297,0.27914035799994963,0.035451534248099555,30,0.0,0.0,0.0,0.0,0.0,0.0,0.0,0.0,0.0,0.0,30,0.5975980894666464,0.5966802159998679,0.019695753464479906,0.553469818999929,0.5855580167501557,0.6115109304997759,0.025952913749620166,0.6209474337999495,0.6446973550000621,0.03295819349432371
20260728T123050Z_paper_groth16,account_policy_with_privacy_budget_16,account_policy_with_privacy_budget,pi_valid+pi_trans+pi_limit+pi_budget,account,composition,16,,account_budget_b16,baseline,shared_witness,monolithic,1,account_policy_with_privacy_budget_16,groth16,30,30,0,0,261.0,805.0,21.0,30,0.021512990700049764,0.0211929055001292,0.0015318622714572605,0.01892188600004374,0.02058933774998195,0.022203388500088295,0.001614050750106344,0.024116928149862812,0.025897795000219048,0.07120638375275815,30,0.3016826074667127,0.29885058300010314,0.011853760473045562,0.28266633799967167,0.29238956674993233,0.3085946977500953,0.016205131000162964,0.3230093182001269,0.3285938359999818,0.03929215731919014,30,0.26228494436666855,0.26147950600011427,0.013595699325547932,0.24364956799990978,0.25206441899996435,0.2680130087503585,0.01594858975039415,0.28289992559999744,0.30682176499999514,0.05183560710423944,30,0.0,0.0,0.0,0.0,0.0,0.0,0.0,0.0,0.0,0.0,30,0.585480542533431,0.5795846080001184,0.02295937367559966,0.5523288899998988,0.5699629925001091,0.6024628245006625,0.0324998320005534,0.6267068258004429,0.6463430629999039,0.03921458017418005
20260728T123050Z_paper_groth16,account_policy_with_privacy_budget_32,account_policy_with_privacy_budget,pi_valid+pi_trans+pi_limit+pi_budget,account,composition,32,,account_budget_b32,baseline,shared_witness,monolithic,1,account_policy_with_privacy_budget_32,groth16,30,30,0,0,485.0,805.0,30.0,30,0.02194623226667621,0.021697256000152265,0.001626803591432156,0.019646162999833905,0.02082732550007904,0.022976716750065407,0.0021493912499863654,0.02463688965001438,0.025957232000109798,0.07412678275087527,30,0.3061233403666847,0.3029349084998785,0.013362223375895321,0.285067636000349,0.2964089270000727,0.31289643174977755,0.01648750474970484,0.3320416709500364,0.3346026289996189,0.043649802592280636,30,0.26074522629999897,0.2599292520000063,0.01348886801142267,0.240556960000049,0.25254173299998683,0.2652296395000917,0.012687906500104873,0.27801538344995147,0.31413365700018403,0.05173198452309584,30,0.0,0.0,0.0,0.0,0.0,0.0,0.0,0.0,0.0,0.0,30,0.5888147989333599,0.5816487065003457,0.023682825693793236,0.5579015150001396,0.5750618322499577,0.5970584157500411,0.02199658350008349,0.6295362159998831,0.6711295070003871,0.04022117945522898
20260728T123050Z_paper_groth16,account_policy_with_privacy_budget_64,account_policy_with_privacy_budget,pi_valid+pi_trans+pi_limit+pi_budget,account,composition,64,,account_budget_b64,baseline,shared_witness,monolithic,1,account_policy_with_privacy_budget_64,groth16,30,30,0,0,933.0,805.5,50.0,30,0.023002880499984713,0.02265508300001784,0.00142481050767331,0.020292664999942644,0.02234458174973497,0.023313921999942977,0.0009693402502080062,0.025852680850152864,0.02606405699998504,0.061940525564798586,30,0.3153475132666396,0.31316218899996784,0.01327838899581125,0.29479232799985766,0.30623812774996395,0.3204023502499922,0.014164222500028245,0.3416949404999286,0.3485104420001335,0.042107162534000424,30,0.2647884345333144,0.26534414549996654,0.0154110722061358,0.241048168999896,0.25239169624967417,0.27148383675000787,0.0190921405003337,0.2907369987501284,0.3114818379999633,0.05820145518552418,30,0.0,0.0,0.0,0.0,0.0,0.0,0.0,0.0,0.0,0.0,30,0.6031388282999387,0.6005961649998426,0.02418598706651694,0.5707445299999563,0.5846419132498113,0.6150737182501871,0.03043180500037579,0.6487652451997974,0.6610315920001995,0.04010019904486955
20260728T123050Z_paper_groth16,linked_account_budget_monolithic_32,account_policy_with_privacy_budget,pi_valid+pi_trans+pi_limit+pi_budget,account,composition,32,,account_budget_b32,commitment_linked,transaction_commitment,monolithic,1,linked_account_budget_monolithic_32,groth16,30,30,0,0,1914.0,805.0,111.0,30,0.061866306433345626,0.059065622000161966,0.008223457251704806,0.056609741000102076,0.05841050400022141,0.06057353549999789,0.00216303149977648,0.07645899044994164,0.0967394660001446,0.1329230355874681,30,0.34620036163332013,0.3448781859999599,0.010555544141156033,0.3283951540001908,0.33916043724991596,0.352296187249749,0.013135749999833024,0.3648494190499264,0.3712050840001666,0.03048969703947332,30,0.26607625283333314,0.26123028500001055,0.015397855140316717,0.24879969099993104,0.2559633750001922,0.2733596572500687,0.01739628224987655,0.29174820235002696,0.31790202399997725,0.05787008414449426,30,2.2652333427686243e-06,2.2030002355677425e-06,3.347234292351963e-07,1.8559999261924531e-06,2.064000057089288e-06,2.3047500690154266e-06,2.4075001192613854e-07,2.879700070934631e-06,3.445999936957378e-06,0.14776554049221657,30,0.6741451861333416,0.6651303014998575,0.024416459272222232,0.6434258349995616,0.6557856657498746,0.6898851142501599,0.034099448500285234,0.7204776258996844,0.7352094630002739,0.03621839890642312
20260728T123050Z_paper_groth16,linked_separate_account_budget_32,account_policy_with_privacy_budget,pi_valid+pi_trans+pi_limit+pi_budget,account,composition_baseline,32,,account_budget_b32,commitment_linked,transaction_commitment,separate,4,linked_account_budget_validity_32;linked_account_budget_transition_32;linked_account_budget_limit_32;linked_account_budget_budget_32,groth16,30,30,0,0,6333.0,3218.5,444.0,30,0.23466961560002347,0.23258319200010646,0.008311655778287323,0.22600450699928842,0.2305099117501186,0.23653707299990856,0.00602716124978997,0.24828781535022695,0.2668286509997415,0.03541854260525107,30,1.3764140845333561,1.3590707034998104,0.050126702045218664,1.3060790839999754,1.3457057550002673,1.405766480499949,0.060060725499681666,1.4643209035499467,1.499471412000048,0.03641832978061472,30,1.051651030533397,1.0487286985003266,0.03228420070821785,0.9965680690002046,1.0263462204998746,1.0804361314999937,0.05408991100011917,1.1004070691000378,1.1082187819999945,0.03069858705110888,30,2.7883999412855093e-06,2.7424998734204564e-06,3.035293482902679e-07,2.345999746466987e-06,2.6274999527231557e-06,2.9242499977044645e-06,2.9675004498130875e-07,3.153349939566396e-06,3.960999947594246e-06,0.10885430880848988,30,2.662737519066718,2.6368692555004145,0.0808685403246021,2.5441846350008746,2.6114107540005307,2.7106904490003103,0.09927969499977962,2.792036210650008,2.861528740000267,0.03037045136651182
20260728T123050Z_paper_groth16,linked_separate_token_bundle_32_depth_16,token_policy_bundle,pi_mem+pi_null+pi_valid+pi_budget,token,composition_baseline,32,16,token_bundle_b32_d16,commitment_linked,transaction_commitment,separate,4,linked_token_bundle_membership_32_depth_16;linked_token_bundle_nullifier_32_depth_16;linked_token_bundle_validity_32_depth_16;linked_token_bundle_budget_32_depth_16,groth16,30,30,0,0,15434.0,3221.0,1368.0,30,0.2373830340666397,0.2366643180000665,0.006066408539662812,0.22589179999977205,0.23350477874998887,0.2405248457499738,0.00702006699998492,0.2471510185999591,0.2510558269998455,0.025555358509571545,30,1.5735736199999717,1.581542440000021,0.038702629811041576,1.4946329620006509,1.5437408914998514,1.6061927870001114,0.06245189550025998,1.6210415213499005,1.6291548439999133,0.02459537279929888,30,1.049896187199882,1.0393715345001056,0.029785087198886506,1.0025293529995452,1.0329283874993962,1.0631104750000304,0.030182087500634225,1.101491533349781,1.1258919430001697,0.028369554592177926,30,2.7952333160404425e-06,2.7394999051466584e-06,2.614800942055772e-07,2.4060000214376487e-06,2.639750050548173e-06,2.892249881369935e-06,2.5249983082176186e-07,3.1469997566091476e-06,3.8040002436900977e-06,0.09354499773062736,30,2.8608556364998092,2.8487364275000573,0.06238161011979577,2.7686581759994624,2.8187258754990125,2.914808495999864,0.09608262050085159,2.955359522499589,2.9803133560001243,0.021805228241477514
20260728T123050Z_paper_groth16,linked_separate_valid_limit_32,local_validity_and_operating_limit,pi_valid+pi_limit,account,composition_baseline,32,,valid_limit_b32,commitment_linked,transaction_commitment,separate,2,linked_valid_limit_validity_32;linked_valid_limit_limit_32,groth16,30,30,0,0,2210.0,1609.0,196.0,30,0.08099187926657123,0.08051202199987983,0.0039808702319942355,0.07506880100027047,0.07827611774996512,0.08269770574997892,0.004421588000013799,0.08780932199999825,0.09315056999980698,0.04915147380260022,30,0.6791310332666475,0.6720408120000911,0.028759060573909725,0.636782301999574,0.6581336139998939,0.695889497500275,0.03775588350038106,0.7280649663498706,0.7647138409997751,0.04234685085082549,30,0.5333827896333787,0.5232939135003107,0.03261647887804536,0.49434052299966424,0.5093724755005269,0.5554173615000195,0.046044885999492635,0.5995264034501928,0.6116601610001453,0.06115022740134592,30,2.62843332166085e-06,2.6189999289272237e-06,2.47858613858208e-07,2.1880000531382393e-06,2.440000116621377e-06,2.7209998734178953e-06,2.8099975679651834e-07,2.9877998258598377e-06,3.4119998417736497e-06,0.09429899241331773,30,1.293508330599919,1.273970473999725,0.06153961649438696,1.2227422959995238,1.2559381940002368,1.3299902130000874,0.07405201899985059,1.410457569949858,1.4579998060003163,0.04757574036329968
20260728T123050Z_paper_groth16,linked_token_bundle_monolithic_32_depth_16,token_policy_bundle,pi_mem+pi_null+pi_valid+pi_budget,token,composition,32,16,token_bundle_b32_d16,commitment_linked,transaction_commitment,monolithic,1,linked_token_bundle_monolithic_32_depth_16,groth16,30,30,0,0,11114.0,805.0,342.0,30,0.06312653923336407,0.06330526849990292,0.0025312671620267603,0.05690841500017996,0.0616585610000584,0.06429697599992323,0.0026384149998648354,0.0679729756501274,0.06867003399997884,0.04009830402185136,30,0.5606425294333576,0.5594392960000505,0.021491722610099604,0.5179192990003685,0.5475404607500423,0.5744213037500572,0.02688084300001492,0.5929182916000741,0.6033760239997719,0.038334092548814175,30,0.2654263597333208,0.2649176030001854,0.01622272604868785,0.24242208299983758,0.2512548097497529,0.2718932849998055,0.02063847525005258,0.28992325159993015,0.3054740000000038,0.06111949870008069,30,2.382066653202249e-06,2.3430002329405397e-06,2.559006107617826e-07,1.8219998310087249e-06,2.1782499857181392e-06,2.5547501536493655e-06,3.765001679312263e-07,2.7230499767938452e-06,2.9570001061074436e-06,0.10742798083243031,30,0.8891978104666957,0.8835150550002027,0.02900676236277856,0.8310292750006738,0.8697435039996435,0.9209878732499419,0.051244369250298405,0.9267758771997818,0.9357577130001573,0.032621270566955574
20260728T123050Z_paper_groth16,linked_valid_limit_monolithic_32,local_validity_and_operating_limit,pi_valid+pi_limit,account,composition,32,,valid_limit_b32,commitment_linked,transaction_commitment,monolithic,1,linked_valid_limit_monolithic_32,groth16,30,30,0,0,1210.0,806.0,98.0,30,0.04036174590004672,0.03968256550024307,0.0017280723802153754,0.038280891999875166,0.03905223574986394,0.0414013435000129,0.00234910775014896,0.04319778414999291,0.04458941200005029,0.04281460927123509,30,0.33814992156667356,0.335411917500096,0.01338248749950225,0.31897141599984025,0.329540933249973,0.345718162500134,0.016177229250160963,0.3604055959501693,0.37753837400009616,0.03957560432810452,30,0.2609031455000453,0.2577439950000553,0.011609744944268339,0.24381605400003536,0.2536192767500438,0.2660323987500419,0.012413121999998111,0.2793069414997831,0.29808382300006997,0.044498294269381754,30,2.287133361278393e-06,2.273500058436184e-06,2.018867410766085e-07,1.976000021386426e-06,2.150750049167982e-06,2.3462499143533933e-06,1.9549986518541118e-07,2.5212502123395096e-06,3.094000021519605e-06,0.08827064678194538,30,0.6394171001001269,0.632326727499958,0.023635211506860022,0.606859385000007,0.6256872917501255,0.6553312789998245,0.029643987249698966,0.6762685801502356,0.7165682720001314,0.03696368380382534
20260728T123050Z_paper_groth16,local_financial_validity_16,local_financial_validity,pi_valid,account,individual_policy,16,,,,none,monolithic,1,local_financial_validity_16,groth16,30,30,0,0,56.0,805.0,3.0,30,0.021208792200028862,0.020908256999973673,0.0013391079399747263,0.01929414899996118,0.02028131324993865,0.021794629249995978,0.0015133160000573298,0.023401769249937844,0.02545527100005529,0.06313928333801601,30,0.28847036759998446,0.28642965349990845,0.010062748569422457,0.2708589320000101,0.2819881209999835,0.29504727975000833,0.013059158750024835,0.3062290299999859,0.3081195719998959,0.034883127349067095,30,0.256591634166701,0.25516887300000235,0.008250139561991781,0.24394118800000797,0.2504940432497733,0.26168199550022564,0.011187952250452327,0.2721833890001221,0.2766992659999232,0.032152800260946454,30,0.0,0.0,0.0,0.0,0.0,0.0,0.0,0.0,0.0,0.0,30,0.5662707939667143,0.564461516500387,0.014708304194674926,0.5397816759996203,0.5535230997497251,0.5751448269999742,0.021621727250249023,0.5919920660000115,0.602173622999544,0.02597397632260633
20260728T123050Z_paper_groth16,local_financial_validity_32,local_financial_validity,pi_valid,account,individual_policy,32,,,,none,monolithic,1,local_financial_validity_32,groth16,30,30,0,0,104.0,805.0,3.0,30,0.02080809980000898,0.02052843550018224,0.0012206490867618098,0.018504511000173807,0.020252146999951037,0.021495577750158645,0.001243430750207608,0.022894445399913366,0.02373949600018932,0.05866220839450621,30,0.29200792159999006,0.29041593850001846,0.013623472379060926,0.2697340480001458,0.2822814170001493,0.3002443477498673,0.017962930749717998,0.3145971239501818,0.32741300900011083,0.04665446164752741,30,0.2577627481666468,0.25618259049997505,0.00947450910355155,0.2399592900001153,0.2514711765001607,0.26459147525008575,0.013120298749925041,0.27438298415013374,0.2792947869997988,0.03675670425978762,30,0.0,0.0,0.0,0.0,0.0,0.0,0.0,0.0,0.0,0.0,30,0.5705787695666459,0.5654526070002248,0.019430305253785373,0.5393947249999655,0.5587537977500006,0.5819555159999368,0.02320171824993622,0.6017083309500663,0.6123821669998506,0.03405367723117822
20260728T123050Z_paper_groth16,local_financial_validity_64,local_financial_validity,pi_valid,account,individual_policy,64,,,,none,monolithic,1,local_financial_validity_64,groth16,30,30,0,0,200.0,805.0,3.0,30,0.02178265200000169,0.021884140500105786,0.0011747978395250497,0.019686912999986816,0.02096127875017828,0.022392027250248248,0.0014307485000699671,0.02317518400002427,0.02569276600002013,0.05393272772869707,30,0.29791277610004274,0.2972390050000513,0.010248263911692193,0.2773332570000093,0.29408662975004063,0.3031790534999459,0.009092423749905265,0.3157844032001321,0.3192039149998891,0.034400216217147735,30,0.25709044326667935,0.25487250850005694,0.012250922581357312,0.24032370600025388,0.2490831600000547,0.2604961827498755,0.011413022749820811,0.2832531915000004,0.2923506939998788,0.047652189734059686,30,0.0,0.0,0.0,0.0,0.0,0.0,0.0,0.0,0.0,0.0,30,0.5767858713667238,0.5735001804999911,0.018051293379729688,0.5486954830003015,0.5641006050003625,0.589034501250012,0.02493389624964948,0.6089795108998941,0.6159861220000948,0.031296351515955514
20260728T123050Z_paper_groth16,local_validity_and_operating_limit_16,local_validity_and_operating_limit,pi_valid+pi_limit,account,composition,16,,valid_limit_b16,baseline,shared_witness,monolithic,1,local_validity_and_operating_limit_16,groth16,30,30,0,0,131.0,805.0,12.0,30,0.021776783833320223,0.020889424999836592,0.0033627884808953685,0.01917659899982027,0.020124427999689942,0.021753370500277924,0.001628942500587982,0.025784353749827453,0.03697721300000012,0.1544208045886938,30,0.3020395546000373,0.2967608389999441,0.013969548721642189,0.28500613100004557,0.29096696024993207,0.3102592320000781,0.01929227175014603,0.3256897970000636,0.33919138000010207,0.046250726134663904,30,0.258188381533311,0.25764054100000067,0.01025941622521297,0.24070010600007663,0.2518948689999547,0.2630418327498205,0.01114696374986579,0.27159925625012415,0.29252959100017506,0.03973616536997161,30,0.0,0.0,0.0,0.0,0.0,0.0,0.0,0.0,0.0,0.0,30,0.5820047199666685,0.5765916724998306,0.020587765684433733,0.5549436139995123,0.5650135145000377,0.5940253449999204,0.029011830499882763,0.6178044877501292,0.6411662770001385,0.03537388096373651
20260728T123050Z_paper_groth16,local_validity_and_operating_limit_32,local_validity_and_operating_limit,pi_valid+pi_limit,account,composition,32,,valid_limit_b32,baseline,shared_witness,monolithic,1,local_validity_and_operating_limit_32,groth16,30,30,0,0,243.0,805.0,16.0,30,0.021751274999981737,0.021241446999965774,0.0016471789596692761,0.019340014000135852,0.020633517249791566,0.02284921074999602,0.002215693500204452,0.024910789000011844,0.025234652999870377,0.07572792673857781,30,0.30004013836664856,0.29796414199995525,0.013358301046175533,0.28233828800011906,0.2909472705000553,0.3041225970000596,0.013175326500004303,0.3302046544999257,0.3324085140002353,0.0445217133910654,30,0.2619992714332587,0.26028790500015475,0.012180886125340346,0.24735314399958952,0.25419075000002067,0.26356456875009826,0.00937381875007759,0.2889303340000424,0.30052246700006435,0.046492061060724316,30,0.0,0.0,0.0,0.0,0.0,0.0,0.0,0.0,0.0,0.0,30,0.5837906847998889,0.5803211339998597,0.02137807999300338,0.5567222250001578,0.5701366219996657,0.5861743665003019,0.01603774450063611,0.6306676987499145,0.6453101900001457,0.03661942636226087
20260728T123050Z_paper_groth16,local_validity_and_operating_limit_64,local_validity_and_operating_limit,pi_valid+pi_limit,account,composition,64,,valid_limit_b64,baseline,shared_witness,monolithic,1,local_validity_and_operating_limit_64,groth16,30,30,0,0,467.0,805.0,26.0,30,0.02216673139996601,0.021436683999809247,0.0029201143844946012,0.019346666999808804,0.020788979499911875,0.02262770400000136,0.0018387245000894836,0.025328102749961088,0.03533878799999002,0.13173409880804884,30,0.3081530359666658,0.3025646034998317,0.016924039992027334,0.2906478390000302,0.2948779405001005,0.3168265252498941,0.021948584749793554,0.34846507160023066,0.3506333440000162,0.05492089324688035,30,0.26249844483334833,0.2617559220000203,0.01104398455603098,0.242333785000028,0.2556688442500672,0.26875197799995476,0.013083133749887566,0.28389297995005336,0.2853485250000176,0.0420725713748226,30,0.0,0.0,0.0,0.0,0.0,0.0,0.0,0.0,0.0,0.0,30,0.5928182121999801,0.5869904834999033,0.022782189444968858,0.5548429430000397,0.5770458869998834,0.6071304985001689,0.03008461150028552,0.630092333999869,0.6544163280000248,0.038430312996665425
20260728T123050Z_paper_groth16,merkle_membership_depth_16,merkle_membership,pi_mem,token,individual_policy,,16,,,none,monolithic,1,merkle_membership_depth_16,groth16,30,30,0,0,8320.0,805.0,84.0,30,0.04120696303333868,0.04079778199991324,0.0028360292605372713,0.037793345999943995,0.039717949000191766,0.042057407250126744,0.002339458249934978,0.043832029000077447,0.05408390999991752,0.06882403001266484,30,0.5267085056666171,0.5272219164999115,0.02350643846755903,0.4615568680001161,0.5184436574998017,0.5414090537499874,0.022965396250185677,0.5592681827001342,0.5775883699998303,0.04462893272970525,30,0.26446233553333515,0.2605379844999334,0.01642949854005438,0.24162372799992227,0.25300171899982615,0.2728017587500631,0.01980003975023692,0.29265868380007304,0.3084026270000777,0.06212415279068525,30,0.0,0.0,0.0,0.0,0.0,0.0,0.0,0.0,0.0,0.0,30,0.8323778042332909,0.8300931035000758,0.032805811183756,0.746268751000116,0.8161735307500066,0.8463717154999699,0.030198184749963275,0.8799194766500932,0.9148876200001723,0.039412164784924396
20260728T123050Z_paper_groth16,merkle_membership_depth_32,merkle_membership,pi_mem,token,individual_policy,,32,,,none,monolithic,1,merkle_membership_depth_32,groth16,30,30,0,0,16640.0,805.0,84.0,30,0.04306456336663208,0.042918120999956955,0.0020911184155678764,0.039372183999603294,0.041701952249752594,0.04459598349984617,0.002894031250093576,0.04650840855020988,0.04757462200018381,0.04855775264142461,30,0.684727057266673,0.6907730860000356,0.0315284512033017,0.6213861219998762,0.6646260582501782,0.7127063079999516,0.04808024974977343,0.7197371126501139,0.7265118780001103,0.04604528310763491,30,0.2628718113333207,0.26064212450000923,0.01745000020498631,0.23852214699991237,0.2492183392497509,0.2726363672499019,0.023418028000151025,0.2933712938500662,0.30324583099991287,0.06638216595563287,30,0.0,0.0,0.0,0.0,0.0,0.0,0.0,0.0,0.0,0.0,30,0.9906634319666258,0.992586362999873,0.044324330593622244,0.9169938369996089,0.9550070129996584,1.028833384499933,0.07382637150027449,1.0480879793500661,1.05866974200012,0.04474206795503831
20260728T123050Z_paper_groth16,merkle_membership_depth_8,merkle_membership,pi_mem,token,individual_policy,,8,,,none,monolithic,1,merkle_membership_depth_8,groth16,30,30,0,0,4160.0,804.5,84.0,30,0.04106282916667776,0.04028842299999269,0.0022052766009179304,0.038391331999719114,0.039514027499990334,0.04206924774990739,0.002555220249917056,0.04449088234985083,0.04894681300038428,0.05370493572097802,30,0.42721473693331974,0.4229600244998437,0.020969928939781633,0.3878881850000653,0.41612630950010043,0.4394701387498685,0.023343829249768078,0.4597511516499594,0.4843121530002463,0.049085219040687376,30,0.26472749776673177,0.2605164205001529,0.012774091983198258,0.2426819710003656,0.2572932594998747,0.2728385950000529,0.015545335500178226,0.2859922927001207,0.2946716619999279,0.04825374051038069,30,0.0,0.0,0.0,0.0,0.0,0.0,0.0,0.0,0.0,0.0,30,0.7330050638667293,0.7324784150001733,0.027941156183046628,0.6864060440002504,0.7101205765003442,0.7528033639999876,0.04268278749964338,0.7783323004003591,0.7969852929998069,0.03811864004820399
20260728T123050Z_paper_groth16,nullifier_correctness_poseidon,nullifier_correctness,pi_null,token,individual_policy,,,,,none,monolithic,1,nullifier_correctness_poseidon,groth16,30,30,0,0,517.0,804.0,164.0,30,0.034130355199992364,0.03336770850000903,0.0021761493014549136,0.03170269399993231,0.03261917700012873,0.03524710450000157,0.0026279274998728397,0.03732748970004422,0.04196806100003414,0.06375993712058996,30,0.3233934471333517,0.32113236400016376,0.014191307638839017,0.30208358599975327,0.3123525117501913,0.3338195897499645,0.02146707799977321,0.34721882995004305,0.348501264999868,0.04388248359586337,30,0.27081006943338554,0.2711046740000711,0.01819974467466867,0.2410658950002471,0.25547244549989045,0.2785683907499106,0.023095945250020122,0.30502432820002234,0.3183220870000696,0.06720482998563494,30,0.0,0.0,0.0,0.0,0.0,0.0,0.0,0.0,0.0,0.0,30,0.6283338717667296,0.6237621739999213,0.027962858533637693,0.5844555130001936,0.6073166095000033,0.6481962160002013,0.04087960650019795,0.6680698006500165,0.7008650999998736,0.04450318499464719
20260728T123050Z_paper_groth16,operating_limit_16,operating_limit,pi_limit,account,individual_policy,16,,,,none,monolithic,1,operating_limit_16,groth16,30,30,0,0,92.0,805.0,12.0,30,0.02097885699992427,0.021205917499969473,0.0011651033201460154,0.018555673000264505,0.02034966599967447,0.02173480849967291,0.0013851424999984374,0.022436277549877558,0.023577825999836932,0.055537025689732344,30,0.2914618559666375,0.28777178649988855,0.013069272226999462,0.27293941099969743,0.28306337700001905,0.29670443049997175,0.013641053499952704,0.31946934789986015,0.32755196600010095,0.04484042065695022,30,0.2616137942666834,0.2587727210000139,0.01099595739104579,0.2483829660000083,0.25271564725005646,0.26499936474999686,0.012283717499940394,0.28307269464986573,0.286664213999984,0.042031259941273394,30,0.0,0.0,0.0,0.0,0.0,0.0,0.0,0.0,0.0,0.0,30,0.5740545072332452,0.5689767530000154,0.02158095635451586,0.547012542000175,0.5576567867499307,0.5813295644994696,0.02367277774953891,0.6101730955997823,0.6365100879997954,0.037593915007355316
20260728T123050Z_paper_groth16,operating_limit_32,operating_limit,pi_limit,account,individual_policy,32,,,,none,monolithic,1,operating_limit_32,groth16,30,30,0,0,172.0,805.0,16.0,30,0.021319894399971416,0.02087348200007,0.0019077666200045804,0.018500033000009353,0.019847420250243886,0.022468042500008778,0.0026206222497648923,0.02452543419980202,0.0255518439998923,0.08948293008464142,30,0.29657476136667354,0.29497416749984495,0.012387036472738614,0.2778128220002145,0.285563703749915,0.30548891775003995,0.019925214000124924,0.3207524396497661,0.32221070500008864,0.04176699465476013,30,0.2619725006999943,0.2598651040000277,0.014363483971470123,0.24070116000029884,0.25108956149995265,0.2680661724997435,0.016976610999790864,0.28408279659997787,0.30761576600002627,0.05482821262953435,30,0.0,0.0,0.0,0.0,0.0,0.0,0.0,0.0,0.0,0.0,30,0.5798671564666392,0.5758016515003419,0.021927505015254978,0.5450354479999078,0.5661054084999932,0.5909806395000032,0.02487523100000999,0.6211617187498972,0.6349578020001445,0.037814704231341485
20260728T123050Z_paper_groth16,operating_limit_64,operating_limit,pi_limit,account,individual_policy,64,,,,none,monolithic,1,operating_limit_64,groth16,30,30,0,0,332.0,804.0,26.0,30,0.02136803316670163,0.021520411499977854,0.0011852831910888588,0.018585313000130554,0.02067399874988496,0.022256727499950557,0.0015827287500655984,0.02282524324997439,0.023575834999974177,0.05546992471613704,30,0.30481496026665506,0.3053034579999121,0.015091184856437116,0.2834071759998551,0.29215436499993075,0.30876319799995144,0.016608833000020695,0.3355591133498478,0.34596398799999406,0.04950933131115088,30,0.2655483416333027,0.2594825519998949,0.02051856389651445,0.23912114599988854,0.2518663927500029,0.2779259257497415,0.02605953299973862,0.29330042479989515,0.33563460200002737,0.07726865763992855,30,0.0,0.0,0.0,0.0,0.0,0.0,0.0,0.0,0.0,0.0,30,0.5917313350666594,0.5844434955001816,0.03085758342487884,0.5462235500003771,0.5709447967496999,0.6110473700002217,0.0401025732505218,0.6453441071500264,0.6819431789999726,0.052147962421835725
20260728T123050Z_paper_groth16,privacy_budget_16,privacy_budget,pi_budget,account,individual_policy,16,,,,none,monolithic,1,privacy_budget_16,groth16,30,30,0,0,92.0,805.0,11.0,30,0.02061111240000173,0.0205937210000684,0.0011892266059335764,0.018032935000064754,0.019904162249929414,0.02107263650020741,0.0011684742502779955,0.02237831659998619,0.023102537000113443,0.05769832228625741,30,0.29042202616668267,0.28945557200006533,0.011002807001909825,0.2684403759999441,0.2844035007499315,0.2977733467500343,0.013369846000102825,0.30708154410012867,0.31095864700000675,0.03788558032989879,30,0.2639806192999913,0.26279464749995896,0.014481517955787114,0.23840425699972911,0.254946707749923,0.2727923902501743,0.017845682500251314,0.28756643949978977,0.30404612199981784,0.054858261921607636,30,0.0,0.0,0.0,0.0,0.0,0.0,0.0,0.0,0.0,0.0,30,0.5750137578666757,0.5748962375005249,0.016800930604729838,0.5433189719997245,0.5640164362504265,0.5826894694999964,0.018673033249569926,0.6065517319495939,0.6128536889996212,0.029218310648882504
20260728T123050Z_paper_groth16,privacy_budget_32,privacy_budget,pi_budget,account,individual_policy,32,,,,none,monolithic,1,privacy_budget_32,groth16,30,30,0,0,172.0,805.0,16.0,30,0.021376039800035565,0.021127740500105574,0.0011293751637129364,0.019706592000147793,0.020598319499924855,0.022296216499910315,0.0016978969999854598,0.0231285759001139,0.02412127000025066,0.05283369484141105,30,0.3004944057332674,0.2972975034997489,0.013470216076256786,0.2795653539997147,0.2907116369999585,0.3051896247498007,0.014477987749842214,0.32708247815002095,0.3316498630001661,0.044826844757348216,30,0.2612433021666902,0.2571755224998924,0.013160290769599937,0.2427357680003297,0.2537277987498783,0.2671228780001229,0.013395079250244635,0.2842590038999674,0.30062901300016165,0.05037561024704402,30,0.0,0.0,0.0,0.0,0.0,0.0,0.0,0.0,0.0,0.0,30,0.5831137476999932,0.5812054440000338,0.021422221654436968,0.5480315529998734,0.5686815992499419,0.5953240610004968,0.026642461750554958,0.6175536093999312,0.6401913500001228,0.03673763779182669
20260728T123050Z_paper_groth16,privacy_budget_64,privacy_budget,pi_budget,account,individual_policy,64,,,,none,monolithic,1,privacy_budget_64,groth16,30,30,0,0,332.0,805.5,26.0,30,0.022319024366621913,0.021619449499894472,0.0027293736046084052,0.0188615160000154,0.02071512400004849,0.02275866699994822,0.002043542999899728,0.025499079049950524,0.0339449529999456,0.12228910904771365,30,0.3030487602000676,0.29891962750025414,0.015749547273623384,0.28581191200009926,0.294531268749779,0.3092120292501477,0.014680760500368706,0.3194428213501851,0.3692971820000821,0.05197034055914237,30,0.26814717406664385,0.26360385549992316,0.014611459178822823,0.246801934999894,0.25824165474989513,0.2748042030000306,0.016562548250135478,0.29298581014984393,0.3024588539999513,0.05449044626213875,30,0.0,0.0,0.0,0.0,0.0,0.0,0.0,0.0,0.0,0.0,30,0.5935149586333334,0.5856285915001536,0.026744221075920387,0.5674809339998319,0.5753202215000215,0.6041559655000128,0.028835743999991337,0.6248553914998296,0.705700988999979,0.04506073635869834
20260728T123050Z_paper_groth16,separate_account_budget_16,account_policy_with_privacy_budget,pi_valid+pi_trans+pi_limit+pi_budget,account,composition_baseline,16,,account_budget_b16,baseline,unbound,separate,4,local_financial_validity_16;state_transition_and_conservation_16;operating_limit_16;privacy_budget_16,groth16,30,30,0,0,329.0,3221.0,29.0,30,0.08025028883327347,0.07983306199980689,0.0031747731529065083,0.07528149400013717,0.0784114400001954,0.08213682574950099,0.0037253857493055875,0.08553081899987092,0.08951323499968566,0.03956089378696641,30,1.1707934592667395,1.1617709870004091,0.0414515027797117,1.1176372320005612,1.1388230302501938,1.203831869750104,0.06500883949991021,1.2397747434505733,1.2656998119998661,0.03540462448916695,30,1.0409931958666296,1.0297902070001328,0.0337717129448822,0.9950136769998608,1.0204809467503537,1.0519198182495302,0.03143887149917646,1.1096597931997962,1.1332388249998075,0.03244181910023644,30,0.0,0.0,0.0,0.0,0.0,0.0,0.0,0.0,0.0,0.0,30,2.2920369439666426,2.271647181500043,0.07092522327898554,2.197877007999068,2.232473410250236,2.332772347000059,0.10029893674982304,2.414690048599982,2.4746908609995444,0.030944188515670695
20260728T123050Z_paper_groth16,separate_account_budget_32,account_policy_with_privacy_budget,pi_valid+pi_trans+pi_limit+pi_budget,account,composition_baseline,32,,account_budget_b32,baseline,unbound,separate,4,local_financial_validity_32;state_transition_and_conservation_32;operating_limit_32;privacy_budget_32,groth16,30,30,0,0,617.0,3221.0,38.0,30,0.081219441799999,0.08166945799985115,0.00391164317710375,0.07500793999997768,0.07781262600008176,0.08297309625004345,0.005160470249961691,0.08795981790009363,0.09084828599998218,0.048161414193612424,30,1.1873361643000409,1.183857092000153,0.033708668587975436,1.132478589999664,1.1610282260004396,1.2082164062501306,0.04718818024969096,1.2492250969496128,1.2509355659999528,0.028390164135063966,30,1.0400619864333294,1.0462140299999874,0.027119585128038845,0.9798150540000279,1.018138148749813,1.061200713749713,0.04306256499990013,1.073294139100085,1.084852519999913,0.02607497003235324,30,0.0,0.0,0.0,0.0,0.0,0.0,0.0,0.0,0.0,0.0,30,2.308617592533369,2.319806644999858,0.05880912393404703,2.190099549999559,2.2682408107509673,2.348850531498954,0.08060972074798656,2.405791056099929,2.4171882759999335,0.0254737398364502
20260728T123050Z_paper_groth16,separate_account_budget_64,account_policy_with_privacy_budget,pi_valid+pi_trans+pi_limit+pi_budget,account,composition_baseline,64,,account_budget_b64,baseline,unbound,separate,4,local_financial_validity_64;state_transition_and_conservation_64;operating_limit_64;privacy_budget_64,groth16,30,30,0,0,1193.0,3220.0,58.0,30,0.08503608903335286,0.08468498700040072,0.003466686997138055,0.07749914799933322,0.08278505325029073,0.08711774875041556,0.004332695500124828,0.08985850829983519,0.09501844900000833,0.04076724407890338,30,1.199685254899949,1.1953229225000541,0.039625400034607204,1.148159399999713,1.173077929249871,1.2143928059998643,0.041314876749993346,1.2714451478000455,1.3264051740000014,0.03302983000979859,30,1.0434139798334248,1.0399402560001363,0.03151398665260276,0.991051471999981,1.0222940120002022,1.055766949249744,0.0334729372495417,1.101969450499939,1.130055293000396,0.03020276444602917,30,0.0,0.0,0.0,0.0,0.0,0.0,0.0,0.0,0.0,0.0,30,2.3281353237667264,2.322686190500008,0.06975296562588178,2.2183972409993657,2.2847490752503745,2.354222390000473,0.06947331475009833,2.4604686928500765,2.529965261000143,0.029960872511923992
20260728T123050Z_paper_groth16,separate_account_core_16,account_policy_core,pi_valid+pi_trans+pi_limit,account,composition_baseline,16,,account_core_b16,baseline,unbound,separate,3,local_financial_validity_16;state_transition_and_conservation_16;operating_limit_16,groth16,30,30,0,0,237.0,2414.0,18.0,30,0.06148818476670689,0.060371460999931514,0.003490237046479574,0.05623674399976153,0.059170269000333064,0.06265873875020134,0.0034884697498682726,0.068467431150043,0.07050043400022332,0.056762727013684455,30,0.8742018719334131,0.8723355570000422,0.026513601817375283,0.8363854810004341,0.8535874942499504,0.8875265225003091,0.03393902825035866,0.9078989266997723,0.9616510149999158,0.030328923637210868,30,0.7850231196333046,0.7806050299996059,0.03100867269899554,0.738745941999241,0.7637643972500427,0.7992501934998018,0.035485796249759005,0.8282266902502442,0.9045562489998247,0.039500330529730295,30,0.0,0.0,0.0,0.0,0.0,0.0,0.0,0.0,0.0,0.0,30,1.7207131763334247,1.7027043239995692,0.053298410383282604,1.6623542669990456,1.6830975562502317,1.7486995542499812,0.06560199799974953,1.8246833023503992,1.8776822770000763,0.03097460466761423
20260728T123050Z_paper_groth16,separate_account_core_32,account_policy_core,pi_valid+pi_trans+pi_limit,account,composition_baseline,32,,account_core_b32,baseline,unbound,separate,3,local_financial_validity_32;state_transition_and_conservation_32;operating_limit_32,groth16,30,30,0,0,445.0,2414.0,22.0,30,0.06156730726668987,0.060648589499805894,0.0031461868673033047,0.05662168499998188,0.0599623700002212,0.0626963177501807,0.0027339477499594977,0.06745911964999322,0.07186084400018444,0.05110158308004328,30,0.8945296409666298,0.893863240999849,0.03070769621856356,0.8486928699994678,0.8694916945001978,0.9154985597500627,0.04600686524986486,0.9446631399001149,0.9493809630002943,0.034328316035878687,30,0.7813937755667136,0.7764804710001272,0.02293382447664921,0.7293295169997691,0.7654172245002542,0.7984337675000575,0.03301654299980328,0.816445524899757,0.825265040999966,0.02934989398913016,30,0.0,0.0,0.0,0.0,0.0,0.0,0.0,0.0,0.0,0.0,30,1.7374907238000332,1.7313909304999697,0.0519526889999375,1.645942298999671,1.6978550870000504,1.780927556750271,0.08307246975022053,1.8159676232499238,1.8284950039997057,0.029900987837398495
20260728T123050Z_paper_groth16,separate_account_core_64,account_policy_core,pi_valid+pi_trans+pi_limit,account,composition_baseline,64,,account_core_b64,baseline,unbound,separate,3,local_financial_validity_64;state_transition_and_conservation_64;operating_limit_64,groth16,30,30,0,0,861.0,2415.0,32.0,30,0.06407183596667589,0.06378662949987302,0.0032031715245817403,0.05876374100034809,0.06181797250008003,0.06659151450020317,0.004773542000123143,0.06880848625008866,0.0704364970001734,0.049993440585153946,30,0.9122586627667185,0.9052685765000206,0.037146423835900264,0.8595062919994234,0.8869765867503929,0.9355930459998945,0.04861645924950153,0.9597888819000786,1.033687165000174,0.04071917905744162,30,0.7872852415000124,0.7813858734999712,0.031019882511608653,0.7447039480002786,0.7614478567497827,0.810263518750105,0.04881566200032239,0.8339516467000521,0.8594155720006711,0.0394010720339512,30,0.0,0.0,0.0,0.0,0.0,0.0,0.0,0.0,0.0,0.0,30,1.763615740233407,1.7489640604999295,0.06351540250750767,1.6721319309999672,1.7140292619994852,1.8189754385006722,0.10494617650118698,1.8517988938001166,1.9270314630002758,0.036014309159602804
20260728T123050Z_paper_groth16,separate_token_bundle_32_depth_16,token_policy_bundle,pi_mem+pi_null+pi_valid+pi_budget,token,composition_baseline,32,16,token_bundle_b32_d16,baseline,unbound,separate,4,merkle_membership_depth_16;nullifier_correctness_poseidon;local_financial_validity_32;privacy_budget_32,groth16,30,30,0,0,9113.0,3220.0,267.0,30,0.11323481656658411,0.11219296399985978,0.00423203661411435,0.10686020200000712,0.11015190775003703,0.11654743200006124,0.006395524250024209,0.12026561439995476,0.12119123399975251,0.037373987457522274,30,1.4332345572666934,1.423576181000385,0.0465006425511885,1.3576381940006286,1.3983314847498605,1.469621085750532,0.07128960100067161,1.514748858700011,1.5225977380000586,0.03244454462490033,30,1.0427224319333541,1.0369985440000846,0.03628861391754487,0.9847100209999553,1.0205645430003187,1.0595644842499041,0.03899994124958539,1.0853238134001684,1.179338660999747,0.03480179653396415,30,0.0,0.0,0.0,0.0,0.0,0.0,0.0,0.0,0.0,0.0,30,2.5891918057666317,2.58582103849983,0.07202107168919848,2.4849662879996686,2.5253446600002576,2.646258474750198,0.12091381474994023,2.70249614760022,2.7344467639995855,0.02781604341895166
20260728T123050Z_paper_groth16,separate_token_bundle_32_depth_32,token_policy_bundle,pi_mem+pi_null+pi_valid+pi_budget,token,composition_baseline,32,32,token_bundle_b32_d32,baseline,unbound,separate,4,merkle_membership_depth_32;nullifier_correctness_poseidon;local_financial_validity_32;privacy_budget_32,groth16,30,30,0,0,17433.0,3221.5,267.0,30,0.11692780916665318,0.11528465200012761,0.005176430465554752,0.1079271969997535,0.11379269774977274,0.1188288012494354,0.005036103499662659,0.12756582215032494,0.12956332900012058,0.04427031090762133,30,1.607378647299894,1.6107720245001929,0.05772060714200787,1.5060311600000205,1.5663246804999176,1.6403449824997551,0.07402030199983756,1.6978203644502967,1.7425753530001202,0.03590977598151379,30,1.052914718366651,1.0537661600002366,0.031143307282036355,0.9935433339996962,1.0329179944994848,1.071282152749916,0.038364158250431046,1.1048333406000552,1.1227234180000778,0.029578185905072975,30,0.0,0.0,0.0,0.0,0.0,0.0,0.0,0.0,0.0,0.0,30,2.7772211748331985,2.7795304189994567,0.08539439158007424,2.6247530189998542,2.7251666492504683,2.8236164729996744,0.09844982374920619,2.902724659950161,2.981757292000566,0.030748142191160944
20260728T123050Z_paper_groth16,separate_token_bundle_32_depth_8,token_policy_bundle,pi_mem+pi_null+pi_valid+pi_budget,token,composition_baseline,32,8,token_bundle_b32_d8,baseline,unbound,separate,4,merkle_membership_depth_8;nullifier_correctness_poseidon;local_financial_validity_32;privacy_budget_32,groth16,30,30,0,0,4953.0,3220.0,267.0,30,0.11406698573328716,0.1143953909999027,0.0033366390383810633,0.1074178810004014,0.11134433124993848,0.11610304650014314,0.004758715250204659,0.11875665685009834,0.12197616099979314,0.02925157543991593,30,1.3382356820999728,1.343967158999476,0.03900613839453902,1.2506293759997789,1.3128780794996828,1.358684416250128,0.0458063367504451,1.3925581512501024,1.4250924709999708,0.02914743562459058,30,1.048014942733304,1.0458034629996291,0.0257483252798865,0.992564138999569,1.0324777244996994,1.063392432500109,0.03091470800040952,1.0912128140999813,1.1118564719999995,0.024568662363470575,30,0.0,0.0,0.0,0.0,0.0,0.0,0.0,0.0,0.0,0.0,30,2.500317610566564,2.511703372999591,0.059643409167094784,2.376924793999933,2.4646389499997667,2.5428389589997664,0.07820000899999968,2.5706390011501186,2.631865474999586,0.02385433311153609
20260728T123050Z_paper_groth16,separate_valid_limit_16,local_validity_and_operating_limit,pi_valid+pi_limit,account,composition_baseline,16,,valid_limit_b16,baseline,unbound,separate,2,local_financial_validity_16;operating_limit_16,groth16,30,30,0,0,148.0,1610.0,15.0,30,0.0413401715999953,0.04060508700001719,0.002328029864420716,0.03756150000026537,0.03979981350016715,0.04235271524999007,0.0025529017498229223,0.04591687704997867,0.04692896699998528,0.05631398647655785,30,0.5821186343332784,0.5817579294998723,0.019280208303707542,0.5468055519995687,0.5716762244999245,0.5961803439998903,0.024504119499965782,0.6124115416998052,0.6198961430000054,0.033120754373015156,30,0.5259142437666772,0.5249045784997861,0.019965645403428305,0.4841236210004354,0.5158771850001358,0.535089241499918,0.019212056499782193,0.5559272259498357,0.5788641889998871,0.03796369016444837,30,0.0,0.0,0.0,0.0,0.0,0.0,0.0,0.0,0.0,0.0,30,1.1493730496999508,1.1419843544995274,0.0347458952074853,1.1053364730005342,1.1178202885004112,1.1771739664994811,0.05935367799906999,1.193573524050032,1.2456892989998778,0.03023030269985526
20260728T123050Z_paper_groth16,separate_valid_limit_32,local_validity_and_operating_limit,pi_valid+pi_limit,account,composition_baseline,32,,valid_limit_b32,baseline,unbound,separate,2,local_financial_validity_32;operating_limit_32,groth16,30,30,0,0,276.0,1609.0,19.0,30,0.04156402940003166,0.04096265349983241,0.0027268706042493326,0.03771883700028411,0.03988222150019283,0.04212481575018501,0.0022425942499921803,0.04630540220014154,0.04959024499999032,0.06560650263247228,30,0.5957180999666131,0.5882145934997425,0.024166680142436836,0.5581437010000627,0.5800519707503327,0.613467942250054,0.03341597149972131,0.6380972717998589,0.6407413750000615,0.04056730883918292,30,0.521545698666614,0.5195635904999563,0.023058974749883346,0.486779237999599,0.5015753085002643,0.5362248355000929,0.034649526999828595,0.5551369813998462,0.577293219000012,0.044212759895894106,30,0.0,0.0,0.0,0.0,0.0,0.0,0.0,0.0,0.0,0.0,30,1.158827828033259,1.1543663280000374,0.04372124120781229,1.0998615950006752,1.1219221605002758,1.180701149000015,0.05877898849973917,1.2333851929498905,1.2649363969999285,0.0377288499207127
20260728T123050Z_paper_groth16,separate_valid_limit_64,local_validity_and_operating_limit,pi_valid+pi_limit,account,composition_baseline,64,,valid_limit_b64,baseline,unbound,separate,2,local_financial_validity_64;operating_limit_64,groth16,30,30,0,0,532.0,1610.0,29.0,30,0.04272741660000368,0.04246966599998814,0.002624616047586559,0.038498251999953936,0.0411626807497214,0.04405344425009616,0.00289076350037476,0.048039744249956585,0.048191130000077465,0.06142697725343715,30,0.6085890458333627,0.6092014225001776,0.02279210041291885,0.5712210719998438,0.5908049112498475,0.6278715705001332,0.03706665925028574,0.6411069238000096,0.6616150659999676,0.037450724045992013,30,0.5230480050999707,0.5212751069998376,0.020107936743075722,0.48409042000002955,0.514538775500057,0.5389551045002463,0.024416329000189307,0.5566003384998794,0.5661895039997944,0.03844376911299465,30,0.0,0.0,0.0,0.0,0.0,0.0,0.0,0.0,0.0,0.0,30,1.1743644675333371,1.16706068100018,0.03991476099996702,1.1098844400000871,1.139940945750368,1.2054482519999965,0.06550730624962853,1.2291916135000178,1.2622339399999873,0.03398839295930413
20260728T123050Z_paper_groth16,state_transition_and_conservation_16,state_transition_and_conservation,pi_trans,account,individual_policy,16,,,,none,monolithic,1,state_transition_and_conservation_16,groth16,30,30,0,0,89.0,804.0,3.0,30,0.020608713966680625,0.02027117450006699,0.0015314220068605366,0.018487747000108357,0.019711658749827166,0.021249243500051307,0.0015375847502241413,0.02341221285001893,0.02519401600011406,0.07430944062479981,30,0.29001146620000023,0.2881285304999892,0.01219844927246422,0.2726836619999631,0.28135155224993014,0.2948160385000165,0.013464486250086338,0.31035374084993916,0.32843648900006883,0.04206195510922254,30,0.26095319913329906,0.2591130430000703,0.013902620611562243,0.2364594109999416,0.2502599697501182,0.26837352350008814,0.018113553749969924,0.27780581215004074,0.3120536449998781,0.05327629880659391,30,0.0,0.0,0.0,0.0,0.0,0.0,0.0,0.0,0.0,0.0,30,0.57157337929998,0.5713166535001619,0.02293910926524195,0.5360392719994707,0.554944274750369,0.582110184250098,0.02716590949972897,0.6149189155499357,0.6399584050000158,0.04013327089049536
20260728T123050Z_paper_groth16,state_transition_and_conservation_32,state_transition_and_conservation,pi_trans,account,individual_policy,32,,,,none,monolithic,1,state_transition_and_conservation_32,groth16,30,30,0,0,169.0,805.0,3.0,30,0.021719526966649028,0.021140364500070064,0.00216284732712966,0.01943533799976649,0.020717400249964157,0.022264623749833845,0.0015472234998696877,0.024345875549977334,0.03097039499971288,0.09958077496120314,30,0.29566027776663,0.29278989399995226,0.011895528909153734,0.2767332749999696,0.286528089250055,0.3039137532499012,0.0173856639998462,0.31579314884994575,0.31947390799996356,0.0402337743812278,30,0.2570711595666353,0.25203255299970806,0.01570752750754945,0.23732327299967437,0.24714579400006187,0.2676033784998708,0.020457584499808945,0.2812835801499659,0.3051297789997989,0.06110186585702123,30,0.0,0.0,0.0,0.0,0.0,0.0,0.0,0.0,0.0,0.0,30,0.5744509642999144,0.5730121734998193,0.024004309466041675,0.5426962989999993,0.5554802837499437,0.5875321725000617,0.032051888750117996,0.6133154825998417,0.6457704929998727,0.04178652479989449
20260728T123050Z_paper_groth16,state_transition_and_conservation_64,state_transition_and_conservation,pi_trans,account,individual_policy,64,,,,none,monolithic,1,state_transition_and_conservation_64,groth16,30,30,0,0,329.0,805.0,3.0,30,0.021809865599948353,0.02170251100005771,0.001307685911657685,0.019973167999978614,0.02091544149999436,0.022561820500015983,0.001646379000021625,0.02407379479971041,0.025882417000048008,0.05995845805032295,30,0.2982713864333391,0.2960598930001197,0.01142925724132298,0.28300552999962747,0.28993906124981095,0.3044433320000053,0.014504270750194337,0.31652028364990203,0.3331822520001424,0.03831831600741667,30,0.2551481047666357,0.2530322964998959,0.012195317358266665,0.23819312199975684,0.24779918675005774,0.25807313450007996,0.010273947750022216,0.27475025869986214,0.29902533699987544,0.04779701330496177,30,0.0,0.0,0.0,0.0,0.0,0.0,0.0,0.0,0.0,0.0,30,0.5752293567999232,0.5734050745001014,0.020509799111534215,0.5421897969990823,0.5629693239994822,0.5842558162499358,0.021286492250453648,0.5984251886996844,0.654869557999973,0.0356549937326442
20260728T123050Z_paper_groth16,token_policy_bundle_32_depth_16,token_policy_bundle,pi_mem+pi_null+pi_valid+pi_budget,token,composition,32,16,token_bundle_b32_d16,baseline,shared_witness,monolithic,1,token_policy_bundle_32_depth_16,groth16,30,30,0,0,9685.0,805.0,260.0,30,0.04626858000002206,0.04566710349990899,0.002211723354709064,0.04325358799997048,0.044561211499853925,0.047491549250025855,0.0029303377501719297,0.050099947799992606,0.051749189000020124,0.04780184208609837,30,0.5442020255000292,0.5478049479999072,0.030400656433097445,0.47694682900009866,0.5278983062499947,0.5626119980000226,0.03471369175002792,0.5850584481001078,0.6109743580000213,0.055862813823900064,30,0.26302004196666073,0.260505034499829,0.014019763318505202,0.2406593369996699,0.2530672122500164,0.26939745124997216,0.016330238999955782,0.2899713017998238,0.3004160640000464,0.05330302289390664,30,0.0,0.0,0.0,0.0,0.0,0.0,0.0,0.0,0.0,0.0,30,0.853490647466712,0.8510610995000434,0.03881739885907882,0.7733167859996684,0.8289743820000695,0.870401900250215,0.04142751825014557,0.912430853600017,0.9390884589997768,0.04548075479713184
20260728T123050Z_paper_groth16,token_policy_bundle_32_depth_32,token_policy_bundle,pi_mem+pi_null+pi_valid+pi_budget,token,composition,32,32,token_bundle_b32_d32,baseline,shared_witness,monolithic,1,token_policy_bundle_32_depth_32,groth16,30,30,0,0,18005.0,805.0,261.0,30,0.04937306703330554,0.04885090849984408,0.0029166462066027095,0.04635314899996956,0.04771445199992286,0.05000846199982334,0.0022940099999004815,0.05351756154993836,0.06129838800006837,0.059073628232072975,30,0.6925376577333661,0.6908435440000176,0.03373114393511528,0.6413741989999835,0.6634326934997716,0.7144901792501628,0.05105748575039115,0.7504015860499635,0.7589649800002007,0.04870658448453948,30,0.27007957013334666,0.2656274379999104,0.019145767720323163,0.24203960599970742,0.25895230424987403,0.27718398750016604,0.018231683250292008,0.3140161331501076,0.3164913370001159,0.07088935942422563,30,0.0,0.0,0.0,0.0,0.0,0.0,0.0,0.0,0.0,0.0,30,1.0119902949000184,1.0096493139999438,0.04405517032388989,0.9430648230004408,0.9756872532499301,1.0483847042502248,0.07269745100029468,1.083476578749935,1.1013367620000736,0.04353319448408585
20260728T123050Z_paper_groth16,token_policy_bundle_32_depth_8,token_policy_bundle,pi_mem+pi_null+pi_valid+pi_budget,token,composition,32,8,token_bundle_b32_d8,baseline,shared_witness,monolithic,1,token_policy_bundle_32_depth_8,groth16,30,30,0,0,5525.0,805.0,261.0,30,0.0462125992666491,0.045786916499992,0.0032638407667116283,0.04239288000007946,0.044235214500076836,0.04762510874968484,0.0033898942496080053,0.04933511365009053,0.060168141999838554,0.07062664335063902,30,0.44677157163336384,0.44700335050015383,0.017357696306050288,0.4106664880000608,0.4381232852499579,0.45661072500001865,0.01848743975006073,0.47125733075005205,0.49699856600000203,0.03885138940822003,30,0.2650746093333585,0.26536072450016945,0.014581131442534565,0.23374560599995675,0.25416835324961085,0.27465233800012356,0.020483984750512718,0.2874510714000962,0.2933506379999926,0.055007650409086506,30,0.0,0.0,0.0,0.0,0.0,0.0,0.0,0.0,0.0,0.0,30,0.7580587802333715,0.751971677000256,0.02543488828294488,0.7073703239998395,0.7388344442503012,0.7813514455002633,0.04251700124996205,0.8017926744000874,0.8028082619998713,0.033552659696276646
